{"data":{"type":"flight-order","id":"eJzTd9ePtDR3NTcCAAqvAh0%3D","associatedRecords":[{"reference":"Y97E72","creationDate":"2025-08-07T09:39:00.000","originSystemCode":"GDS","flightOfferId":"1"}],"flightOffers":[{"type":"flight-offer","id":"1","source":"GDS","nonHomogeneous":false,"lastTicketingDate":"2025-08-10","itineraries":[{"segments":[{"departure":{"iataCode":"LTN","at":"2025-08-28T16:55:00"},"arrival":{"iataCode":"AYT","at":"2025-08-28T23:10:00"},"carrierCode":"XQ","number":"531","aircraft":{"code":"73H"},"id":"96","numberOfStops":0,"co2Emissions":[{"weight":202,"weightUnit":"KG","cabin":"ECONOMY"}]},{"departure":{"iataCode":"AYT","at":"2025-08-29T23:00:00"},"arrival":{"iataCode":"DXB","terminal":"1","at":"2025-08-30T04:20:00"},"carrierCode":"XQ","number":"208","aircraft":{"code":"73H"},"id":"97","numberOfStops":0,"co2Emissions":[{"weight":177,"weightUnit":"KG","cabin":"ECONOMY"}]}]}],"price":{"currency":"USD","total":"240.60","base":"70.00","fees":[{"amount":"0.00","type":"TICKETING"},{"amount":"0.00","type":"SUPPLIER"},{"amount":"0.00","type":"FORM_OF_PAYMENT"}],"grandTotal":"240.60","billingCurrency":"USD"},"pricingOptions":{"fareType":["PUBLISHED"],"includedCheckedBagsOnly":true},"validatingAirlineCodes":["XQ"],"travelerPricings":[{"travelerId":"1","fareOption":"STANDARD","travelerType":"ADULT","price":{"currency":"USD","total":"240.60","base":"70.00","taxes":[{"amount":"119.10","code":"GB"},{"amount":"2.30","code":"M6"},{"amount":"5.70","code":"TR"},{"amount":"19.30","code":"UB"},{"amount":"22.80","code":"YQ"},{"amount":"1.40","code":"ZR"}]},"fareDetailsBySegment":[{"segmentId":"96","fareBasis":"MINTOW","class":"M","includedCheckedBags":{"weight":20,"weightUnit":"KG"}},{"segmentId":"97","fareBasis":"MINTOW","class":"M","includedCheckedBags":{"weight":20,"weightUnit":"KG"}}]}]}],"travelers":[{"id":"1","dateOfBirth":"1988-05-25","gender":"FEMALE","name":{"firstName":"YOLANDA","lastName":"HUFF"},"documents":[{"number":"12545451938","issuanceDate":"1986-07-16","expiryDate":"2042-07-17","issuanceCountry":"ES","issuanceLocation":"Madrid","nationality":"ES","birthPlace":"Madrid","documentType":"PASSPORT","holder":true}],"contact":{"purpose":"STANDARD","phones":[{"deviceType":"MOBILE","countryCallingCode":"34","number":"12545451938"}],"emailAddress":"tenotah@mailinator.com"}}],"remarks":{"general":[{"subType":"GENERAL_MISCELLANEOUS","text":"ONLINE BOOKING FROM INCREIBLE VIAJES"}]},"formOfPayments":[{"other":{"method":"CASH","flightOfferIds":["1"]}}],"ticketingAgreement":{"option":"CONFIRM"},"contacts":[{"addresseeName":{"firstName":"Iftikhar Ahmed"},"address":{"lines":["Charlottenstraße. 17"],"postalCode":"52070","countryCode":"DE","cityName":"Aachen"},"purpose":"INVOICE"},{"addresseeName":{"firstName":"Moana Patton Fritz Kim"},"address":{"lines":["70 Crown Street, LONDON"],"postalCode":"28014","countryCode":"ES","cityName":"Madrid"},"purpose":"STANDARD","phones":[{"deviceType":"LANDLINE","countryCallingCode":"34","number":"12545451938"},{"deviceType":"MOBILE","countryCallingCode":"34","number":"12545451938"}],"companyName":"CODEWEBLO","emailAddress":"tenotah@mailinator.com"}]},"dictionaries":{"locations":{"LTN":{"cityCode":"LON","countryCode":"GB"},"AYT":{"cityCode":"AYT","countryCode":"TR"},"DXB":{"cityCode":"DXB","countryCode":"AE"}}}}
